Year;AL;AR;AZ;CA;CO;CT;DE;FL;GA;IA;ID;IL;IN;KS;KY;LA;MA;MD;ME;MI;MN;MO;MS;MT;NC;ND;NE;NH;NJ;NM;NV;NY;OH;OK;OR;PA;RI;SC;SD;TN;TX;UT;VA;VT;WA;WI;WV;WY
1960;0.47242476244586;0.509594643821534;0.331205527909071;2.08803343949056;0.583603422406797;0.0995945449436164;0.10581106578621;0.498404963344026;0.625638097242288;2.71066436840124;0.373619879986756;1.85549034276232;1.17502082535284;1.10892889703341;0.547830871528081;0.302330290976454;0.111781567776814;0.254197447235386;0.173949174889762;0.817349645523705;1.78129592282462;1.20872575993212;0.52686901955972;0.371041492144047;0.652894321563342;0.634178906813015;1.27389089469098;0.0524174901358036;0.217973754235534;0.187283699548702;0.0439224420451501;0.854828575878353;1.02344413968506;0.552157059184857;0.355884879517036;0.785848680127038;0.0150937494925943;0.250259534062748;0.776647845008661;0.50500450338823;1.71248189604017;0.165927596619064;0.410695341124851;0.131553965033651;0.418626923967894;1.42001955509771;0.127182571384703;0.162846466194763
1961;0.483599532674136;0.5596286886252;0.347072222802636;2.2182852119386;0.619762385049865;0.0964160501159649;0.0967916321364364;0.506163364247372;0.616648051151655;2.78357178796912;0.391037127922046;1.86995852410866;1.15391171326075;1.27798413338212;0.54991281427566;0.311445883455263;0.108241069757475;0.257696148239711;0.176011153140585;0.827117512964202;1.84751687863894;1.23613521842582;0.551432890629231;0.364066685036548;0.674734710101903;0.64320854901844;1.39366551048052;0.051116936161477;0.195081605189891;0.211298568523242;0.0441242893243252;0.851417044689472;1.0681007127383;0.581859377934121;0.374322167852996;0.786893058706341;0.0150316059910601;0.254853571174143;0.82140197231504;0.490925309816433;1.84030509077672;0.167887197228525;0.402928754251457;0.131113783336604;0.431196711834015;1.45510948203521;0.123375933514965;0.1643350190994
1962;0.522299937383465;0.584669771128851;0.410998842000301;2.39688542224379;0.679376490588632;0.0914490695922768;0.0969131186817252;0.523416220559112;0.626978485135507;2.86155370807756;0.401651547158171;1.9192130319616;1.14075289285147;1.2343740557222;0.572655926729512;0.321706129823325;0.103608589800077;0.26075035352491;0.174192525238616;0.802808145064307;1.83690495621572;1.19971515344482;0.583161006901721;0.36266442455357;0.683325925893305;0.689450615095881;1.41866405749919;0.050597699843061;0.198532203611379;0.221130423479036;0.0479128619968994;0.841137603858458;1.03908983859689;0.594391587823303;0.392442083258327;0.748712987453748;0.0138314373936855;0.248753323622767;0.852287187063348;0.503297390909829;1.94390908820846;0.170812440572975;0.414750296905906;0.137618803721833;0.444116657911011;1.44703644402858;0.124297368075114;0.18012618547716
1963;0.53120423144822;0.615765361828623;0.385239547269277;2.32107246621897;0.673752721358863;0.0888964547115618;0.100462551822797;0.533134639395333;0.642646504088331;2.9518909113633;0.425781833236164;1.90082722374812;1.14006115067777;1.33004532690269;0.593277339850313;0.348830191571827;0.0986171043062598;0.250246413336307;0.159542886255109;0.806074092364371;1.83509708381094;1.24051805801043;0.609653632776894;0.427418856784501;0.689230423897427;0.747124952335412;1.5560318346998;0.0458316894975305;0.175745565016227;0.238554552879803;0.0448421188820175;0.785297761012322;1.03122810155782;0.619417058019286;0.403107828382254;0.694365274772171;0.0130450488745815;0.248679934041174;0.950826979442048;0.526756923763948;1.99019607686433;0.180046016298721;0.399501381503499;0.128446756035898;0.461117313689046;1.42984784267875;0.117975460068248;0.195751320068615
1964;0.555103755697013;0.637461162356083;0.372871385420881;2.31303432877565;0.662510127389883;0.0906845980029519;0.109928303329934;0.537618583798255;0.695022362768331;3.03714338126439;0.433436148433697;1.92089025678885;1.15402670986513;1.18786506809927;0.579423780339886;0.345567793025202;0.0939221453215944;0.2578051158074;0.16348522302933;0.824896101246309;1.866759859922;1.28459842218037;0.642874130093794;0.422768623445433;0.698737820038711;0.759432990783909;1.47448847150008;0.0421102027421377;0.172059387980924;0.200873183908571;0.047872243757329;0.841439727764105;1.01759515615007;0.624053709178493;0.389745093581482;0.713201786463287;0.0123774435502753;0.249897885015284;0.921546032073688;0.541662732575983;1.90468355079902;0.173704565679655;0.366965324383247;0.127084575535474;0.460105340543686;1.3858009516194;0.115267044260492;0.194581272445906
1965;0.601085152514684;0.692127584968251;0.395046613451158;2.47560625573084;0.737174072772859;0.0820043561351336;0.112589687938343;0.560788638723261;0.772146709550023;2.93822071778829;0.433646848230247;1.87928922322131;1.09917124842545;1.21150682389159;0.574843100051416;0.359183485860394;0.0851407574184137;0.270312994272538;0.163433190783776;0.776985459200878;1.72548013118825;1.25290228348849;0.633289219789411;0.396625034952035;0.758934861912574;0.73070341605135;1.47705849625374;0.0381263489366108;0.159476453111802;0.239342780031722;0.0584000084270832;0.776321696637124;0.994720338697653;0.671128896476443;0.394053624359834;0.719776994244085;0.0118269186421545;0.251493055463019;0.915640859648239;0.539879062494011;2.06412938823183;0.162842893071265;0.393768071670817;0.119511198240973;0.488598008621611;1.34113014989918;0.109541682858653;0.198480720259882
1966;0.630034531534026;0.728031432521432;0.386761868249809;2.37063473238763;0.772170584961008;0.0839945944469944;0.114768291587563;0.590228954989465;0.77706251037607;3.22744592138981;0.428307098035956;2.03171044657798;1.22092427114932;1.32977002852996;0.621969024153215;0.386002195976585;0.0863982717435934;0.273338134975617;0.165943140624228;0.796604558707062;1.90689673948431;1.42088372746662;0.644980556819286;0.438056759245376;0.753199089731392;0.762481047377668;1.68519573034422;0.0394965554618805;0.147029929435279;0.272842871825598;0.0549566487617816;0.821037250149562;1.03830305698868;0.72334992330886;0.396145157185217;0.696672472902285;0.0114514243295609;0.264852020110357;0.95470457549989;0.576988219729726;2.23844696110854;0.185378014605508;0.417608778020048;0.119316366606322;0.486403668977169;1.44816524824051;0.107701910388002;0.195173311270233
1967;0.675062114767034;0.790532470297204;0.398831483913928;2.41315074978636;0.828425481136154;0.0911861202414277;0.122370314771362;0.645650167802618;0.841794132120224;3.36796099341901;0.441147404103764;2.01784917475263;1.18481471472399;1.34275653667776;0.625478083456272;0.410300842265238;0.0942993261209788;0.282327212388739;0.181193510901039;0.794230365078243;1.93353569366314;1.42673366376044;0.685737979536064;0.453019341492783;0.818689373208386;0.761278293349435;1.6743344531412;0.0453686383562814;0.160372431723055;0.319303664107952;0.062094218709029;0.877586606745098;1.05603725110633;0.705322990517103;0.427043453398324;0.724089785027374;0.0116288092412926;0.276272085476498;1.00304588850047;0.622289389045577;2.26966843654348;0.180277719531068;0.414697929579888;0.136948045524125;0.520724354327216;1.50906588686762;0.10705258153245;0.22736662629028
1968;0.656686356091294;0.784302244305243;0.433291763430276;2.42651834876426;0.792123748138194;0.0868512448131131;0.108261548692171;0.642352062546976;0.842679487781138;3.32519167011835;0.466627227465042;2.09863669767116;1.13525519226463;1.37494169358337;0.632134607667719;0.409704813904259;0.0870143619301922;0.288189670497977;0.171609712976477;0.751988585017999;1.91671373792136;1.41025133135187;0.675028592348063;0.443790218454804;0.838566049244147;0.720328538071744;1.69684038747814;0.0420955026765459;0.150496995361358;0.295172027463188;0.0581631715591047;0.860463977990506;1.00980252395126;0.752295416859394;0.389607627609985;0.75009385239963;0.0105357693484118;0.288598214500927;0.984765526057651;0.576002948150945;2.34214283756431;0.179762210636792;0.428721574535156;0.130343262564405;0.486626297584814;1.50601187934059;0.112469575706314;0.250052076691954
1969;0.64717835546277;0.827035762578388;0.486666696391303;2.40431801387232;0.936732518405127;0.0833986569254925;0.110024735765883;0.67239736247984;0.836167773646619;3.2823789095366;0.461828880267103;1.95745955709579;1.1174667828884;1.51200903695218;0.643949083616833;0.407447648335516;0.0842666458088125;0.27730090944263;0.172902248110062;0.769668568260576;1.87392986922926;1.42460905265072;0.671828249043537;0.464516884016466;0.844497046314528;0.734552160185611;1.74374458760552;0.0404403746091426;0.136949694411285;0.340895323242527;0.0618528429530019;0.844858257673276;1.00894144355353;0.830165637736909;0.395078595105929;0.811161416107731;0.00955588843515637;0.295861925703264;1.01917212905915;0.569253688248595;2.5260916385881;0.183079541699193;0.439671419929352;0.131256440482712;0.488865820575347;1.55471485920735;0.108048922611796;0.234732933757965
1970;0.655837190790859;0.842010991860827;0.446635236257636;2.38833507095084;1.02410764655504;0.081493773278035;0.10940430432716;0.740534045875204;0.820127474988911;3.34645057218419;0.49654896126543;1.90929694784458;1.13439918490219;1.53392852626241;0.633641654149719;0.414401556763157;0.0804497013534263;0.28613194556756;0.168329850610311;0.796303161033264;1.82586162808499;1.41923578741515;0.697119794928934;0.484761962851687;0.859353434018041;0.72987560673984;1.89980516757955;0.0421447980443386;0.134377364637566;0.347669585223497;0.0628419402273362;0.849141355161191;1.02093610382244;0.809203522725467;0.403435742614818;0.776720931098316;0.00927758484056273;0.296106496335314;1.03553102909992;0.587982699548045;2.40550703634391;0.189242842589127;0.44092403636917;0.129342351024398;0.505168016115876;1.57632644969132;0.108957958613862;0.230660219166576
1971;0.681792344297828;0.858085261698172;0.484911451916561;2.57495713238903;1.16255720799011;0.0781241571705999;0.10092719832388;0.669713401853906;0.849174539183193;3.35256992795598;0.495693467324121;1.82952674739544;1.13378571193586;1.62124926471625;0.632759882991658;0.432840438721351;0.0767786672276546;0.286638008226075;0.160833497373195;0.77733386541;1.91172004780642;1.42470832933184;0.72697499937755;0.485292494372075;0.834591159286384;0.756220186360177;1.92067890080488;0.04114311660919;0.126576289309582;0.346968321789536;0.0692929765513322;0.824874169165448;1.05003955947337;0.856377788579841;0.395824866598365;0.799470559620562;0.0084413794482339;0.306342676374911;1.07706298948547;0.579045733097905;2.62806431071448;0.181118787732642;0.432439829656801;0.132930677050998;0.496997864756477;1.55806243286944;0.1069517847051;0.243974569237511
1972;0.660402334032658;0.824139338025038;0.55342090926736;2.39551807315422;1.21267910297897;0.0732785559481484;0.095675341887899;0.683900174202281;0.828970037552871;3.46611925531337;0.495194141962278;1.88903090986433;1.1804438660312;1.88849117034938;0.673136728979626;0.438713736242364;0.0722658173376484;0.260677224352026;0.150336737936205;0.75184577131385;2.02381267023282;1.47438327142665;0.681356905207299;0.478327457070937;0.828742993530432;0.7340382491656;2.2294419612037;0.0379731210318713;0.117302144132377;0.418316535989644;0.0739637137354431;0.798742745929709;1.0433516829827;0.950884690109059;0.384307579550365;0.752852939989349;0.0073543883255058;0.306911120932944;1.07970003033375;0.619815355944459;3.04245364418137;0.174590417092221;0.433240512323632;0.129406119171848;0.519463062294164;1.6140233862076;0.112573072166522;0.262145519840291
1973;0.69701442217992;0.900495956152912;0.566608630196334;2.53739450621007;1.08587679621177;0.0757270270259486;0.108262421021664;0.717177977395599;0.928580586250175;3.2998020818496;0.542773818194141;1.8682821346626;1.23529793969847;1.84676044839789;0.669228742770572;0.445711573367769;0.0732831059822356;0.284131536770752;0.174869965857817;0.816261783074972;2.06850477711256;1.47084222945267;0.748328983417169;0.504821987938903;0.87364062652204;0.801844574551881;2.3400710917104;0.0385109822189012;0.119185648950759;0.440639710116239;0.0737044965324149;0.80611445074763;1.04269091960783;1.06856448461614;0.426606010546843;0.776031330590611;0.00800610392412411;0.321815930026004;1.17782578486508;0.647859363168325;3.22065924999699;0.175867990632557;0.465916673912778;0.126202600199411;0.531456546859135;1.60611759990873;0.123202053851617;0.253851172136721
1974;0.632526184487728;0.822151717789952;0.466965363531659;2.51374984393062;0.974658192152146;0.0750339030922719;0.104189556619244;0.712726941745306;0.851552345129694;3.02916934927011;0.536246171218435;1.90007802328185;1.18789375450566;1.47407472697689;0.666659034166288;0.450851969378378;0.0772265262322215;0.285162072531855;0.189689806350947;0.796101128052278;1.84553179385908;1.32027284732678;0.67304214814836;0.478179281853698;0.823759555926572;0.75632614053252;1.95934850864181;0.0379910329973088;0.117458727137578;0.30901570300878;0.0760159963735152;0.875106325020093;1.03791102633218;0.972908061414435;0.384879210268159;0.789153837490742;0.0085152207744907;0.32524449103626;0.991439073909443;0.609521566165313;2.63894195533371;0.183759747954768;0.485353625594435;0.132734060998635;0.547403252334997;1.58517349195218;0.122030055831841;0.227840352490432
1975;0.609272059821309;0.752998679146084;0.454695086903123;2.56129018961444;0.895148563507027;0.0722169030174602;0.100067151128702;0.643442456715695;0.802438019482792;3.12033531921105;0.527965841880101;2.03155410579784;1.18200649821183;1.40342782933058;0.641737704011328;0.385975930914997;0.0741312949886769;0.272678745610228;0.158753442010404;0.757233143493155;1.8594930347556;1.22183759915003;0.593053349444824;0.479117728615817;0.801714461305753;0.78663410076943;1.75852695576564;0.0355449502318984;0.116970242026142;0.353093993245487;0.0731541713205762;0.862831804169153;1.06093655880156;0.848702490134675;0.383141348014606;0.80973312196145;0.00793813349786505;0.281036458973079;0.925994747407241;0.590151128406504;2.54863754115682;0.183326291867175;0.470316979085845;0.124413216559078;0.521612549032214;1.55705319163317;0.118120420173898;0.24006113676976
1976;0.696968160844602;0.88433367205868;0.457454693767201;2.67119653624693;0.992870606732255;0.077131686395433;0.107054322619642;0.706942436762903;0.931342342632476;3.47672241638645;0.561839108079319;2.15605477701379;1.35082206073439;1.6478618630444;0.691941607032235;0.456128404069944;0.0776030070543433;0.291921657623828;0.175544384144739;0.8680420610152;1.9349178244937;1.39001401348849;0.678880466338088;0.498328569615565;0.886826812712007;0.852350245770128;1.92646843523425;0.0375967701335252;0.126869193977141;0.342394621943223;0.0734803943597989;0.898564348085171;1.17189828238479;0.851421067665446;0.429915643790556;0.88581933818482;0.00809410818350498;0.330011773311872;0.848772269255431;0.659853294336701;2.89853876473734;0.188154469360346;0.478904970589444;0.136530357369132;0.583078213047385;1.62935575050043;0.120014719259464;0.268825515369905
1977;0.667500769769076;0.899319990418449;0.493426969658311;2.67953658954659;1.09178100490568;0.0785621715335138;0.114124195869846;0.688868678046854;0.898265675738484;3.54473323901804;0.547668031961457;2.23936497795903;1.33894419652701;1.70597976691997;0.700098009489817;0.430815564628008;0.0775189040150107;0.294847932478587;0.178270910479146;0.76991015845616;1.94242693818333;1.36312568644139;0.695583083087704;0.503862820351608;0.900773050277005;0.796102828410596;2.05094979370304;0.0402729882870456;0.113178406254165;0.414423999610304;0.0728572407902915;0.894321671921433;1.14223415156785;0.946537136340959;0.430418058261244;0.896627658149052;0.00801790840247665;0.305090563926715;0.944862068442576;0.661827464313536;2.89920668365075;0.188660720599708;0.459655091493906;0.143465270182799;0.562628993108087;1.60043531409347;0.112640854364832;0.25710833414375
1978;0.729070870444853;1.02645718867136;0.597063615786495;3.11926084126233;1.30886011364566;0.0846878947972495;0.145867888698998;0.88040274902345;0.971141895892576;3.77371109903173;0.697301809470653;2.21750686495792;1.42636750879638;2.24155902505592;0.753725768300736;0.494624404804864;0.07971488936798;0.341845682931123;0.185680305320172;0.902783362456719;2.29467616947139;1.45098390285533;0.662654659066236;0.607562297802912;1.02652136587677;0.886340287389732;2.44824204242974;0.0397115583308146;0.121432389736288;0.387231430803817;0.0894974942173932;0.913170546635867;1.15092462740537;0.982180740280845;0.505002009331592;0.912378566979815;0.00862984552147381;0.357504852304426;1.16829905662725;0.684514738366157;3.24220771690561;0.234725057987568;0.520694846642004;0.144727363593361;0.767493515187164;1.86267072654056;0.121219542883292;0.326924908310074
1979;0.779543849252438;1.05292241565894;0.491835888604436;3.02503536277181;1.24270792404053;0.0859333175305004;0.142677967290074;0.96547004480361;1.08522493112167;3.8683532321637;0.761630147130404;2.36750866472219;1.47042951103344;2.22156640631807;0.74334085592036;0.50184217976267;0.0825382809462501;0.358985445898524;0.186917352472585;0.967694907011036;2.38003734423523;1.53702887826076;0.779663959667401;0.603704878480305;1.09026648044263;0.999865537634662;2.78333790323923;0.0383516621993492;0.119820286555813;0.39921157561904;0.0895494059542839;0.97936367022864;1.21921929459144;1.12485730923986;0.595936270466991;0.961094199524499;0.0084699952555348;0.372615606033136;1.19093918460708;0.709261327773635;3.48803968733803;0.232052361983804;0.5968060431998;0.160738898185977;0.772005003858854;2.00980439635934;0.128466413397797;0.313364486557824
1980;0.79496251777962;1.03978126672691;0.474424724487616;2.91358076901683;1.1749493197964;0.0898618359874236;0.151654132102598;0.982049182457287;1.06246859290198;3.79628663880921;0.689422625674795;2.40031863748637;1.48870436353568;2.04116777867276;0.747123299098846;0.520175124907152;0.0807498073331176;0.387734434286223;0.187652019902402;1.01049469251393;2.45101025057104;1.47988898350783;0.773843727109336;0.543183095717153;1.09900783252626;0.996131450096736;2.68359914510621;0.0402225690723913;0.120706452918605;0.344009038653442;0.0894541229831442;1.04636942154573;1.28776209300066;1.08375815673267;0.493979998695798;1.00134261436491;0.00882512839064896;0.378558203527937;1.08602866700222;0.729845644608648;3.03695829547631;0.229013713062991;0.625739103308321;0.171335662569983;0.693132366708919;2.09493677005785;0.12782492683866;0.291380520003301
1981;0.73891639039696;0.966451957559925;0.437163978686754;3.0014614031094;0.985171912682935;0.0816946005420327;0.146915792197915;0.899692430734972;1.03513913113398;3.47592520250267;0.707330486578209;2.22811256050675;1.37279476988266;1.79040236942906;0.695824331706192;0.475591786879135;0.0772735698375323;0.386384846446454;0.170341347083804;0.980207849634554;2.35133325360007;1.30310489411962;0.733720862181926;0.545631899726594;1.09757674217314;0.907191551367506;2.42751140977274;0.037129178402638;0.108179491403384;0.28923967545861;0.0849266107703019;0.971002441618758;1.19142296773282;0.910751920761945;0.541819035070074;0.958599871273823;0.00779578729010359;0.347609850456596;0.992775924805266;0.693362891763098;2.92911708700403;0.235348714125415;0.563191869068337;0.162061272161537;0.773745413258919;2.01171024353972;0.121063029290528;0.250562019184289
1982;0.679031271826807;0.895407805473677;0.45358643408191;2.94884087685612;1.02064204442611;0.0765044848462853;0.145556453245014;0.852659943938093;0.914552599513024;3.4269236749336;0.673951500517663;2.25172271166874;1.3873883705163;1.86071421240536;0.683320833492515;0.451949704530864;0.0746482124689614;0.358924494732422;0.131484366893553;0.971791662295979;2.35641116435837;1.33443407156413;0.690860813941564;0.542855434301927;1.04463746019977;0.882125111702715;2.5353490613858;0.0364349957609162;0.107119182962347;0.296497706708461;0.0721673871585085;0.859503963403808;1.12754963699386;0.79691638782299;0.496204982640347;0.92398949709993;0.00788617912390773;0.304172287714119;1.10041895903093;0.677130277631222;2.90805675104203;0.223455150758056;0.531841663171772;0.152720560572001;0.74644187168171;1.86958231911708;0.115345826469295;0.256089290469582
1983;0.675217531764494;0.919923503411894;0.438608004556959;2.76692224383641;1.04415612219726;0.0781461698102726;0.142564611834591;0.862740944094572;0.91545712482505;3.1157264327176;0.643670436593359;2.07474276053479;1.37653903500035;1.84965187647712;0.661611876285975;0.451402901140875;0.0743835358783585;0.359977812997282;0.131688387374444;1.00700541025271;2.31910434304849;1.33577236950843;0.709178945760989;0.53468306607638;0.984648033339252;0.918680476295528;2.53626180999213;0.0361642295593672;0.102868701888213;0.306748407673218;0.081263663589845;0.928179665813883;1.13176236671957;0.793283225351065;0.490883328782829;0.987639844848297;0.00783125963010506;0.299163906817847;1.113671823512;0.680712013890394;2.70841799972655;0.222736750344223;0.517712233718313;0.150520899031766;0.716472254779236;1.99675508135836;0.123000214149763;0.279630201387394
1984;0.718647708524775;0.964558181442653;0.430538973459557;3.00855534096382;1.07162874419168;0.074688767531938;0.166397321785856;0.840465017136359;0.953919404524973;2.8304921771098;0.633952245662775;1.97537746154625;1.25260157384605;1.91168445854364;0.600406785048399;0.465991816995566;0.071051833276176;0.368722765515122;0.123557848125286;0.996924307991711;2.2307934321446;1.18283097225876;0.766853880369981;0.492969011124252;1.05444182975358;0.867247755956454;2.4249094718256;0.0331188303213183;0.100986150576334;0.311828688537897;0.0857308942532153;0.86499214080871;1.10376121679812;0.826835174197025;0.509352985316742;0.904580637119507;0.00764660407449195;0.301983301566008;1.05823703605118;0.669655013660651;2.77770234590876;0.20850634296699;0.506288307796547;0.139133626373377;0.739624200356331;1.86162975036002;0.122760621543434;0.270414727177166
1985;0.684606134820849;0.917839278495768;0.406615198458919;2.76339217851912;1.06950941367409;0.0719031161436144;0.158614058481417;0.794671550670308;0.90649761068299;2.8288152999538;0.620523219896859;2.00042516098226;1.242868775179;1.89276154627393;0.608488773352558;0.429879797937083;0.0687045951047785;0.352887595555965;0.103143376947702;0.942141766662476;2.24894154912644;1.15480033320439;0.676692607743694;0.437975989590959;0.975996596322903;0.856494580690169;2.48809057252782;0.0321885696773951;0.101341704771796;0.303158593846499;0.0747913063269984;0.830445891319389;1.09805365843295;0.83682648600346;0.494482959496418;0.955473076145069;0.00762676361949808;0.289733701220614;1.08067722054301;0.677976123322112;2.68179406747168;0.20565563314032;0.497998422608028;0.132458581566574;0.678896602389045;1.90774745724449;0.12388407300708;0.272625117625555
1986;0.708850132302952;1.05170787418047;0.409717305189808;2.96949689331765;1.14374671710692;0.0761376768814684;0.166411514511236;0.818883361111085;0.954408120802779;2.98881137200872;0.598477907990683;1.91528009359417;1.33811690114397;2.13459433472543;0.661375063367439;0.449402120975131;0.0713487622795749;0.35645142964961;0.107769081789506;0.995027764988435;2.25490192805564;1.28370775930363;0.691666304425357;0.412916229777463;1.00095899173315;0.850225809831898;2.7476427696312;0.0332773345389888;0.10461837865053;0.32824260124693;0.0816365299546005;0.819027605065038;1.18337419838189;0.91806315973708;0.490079019805986;0.990710325045832;0.00766943087533211;0.290313081381487;1.04861724868827;0.665269223653054;2.96996771101966;0.21378507254744;0.499421664044218;0.141202927519721;0.709398458521398;1.831508475951;0.116750733766471;0.246889160226034
1987;0.79745516578897;1.14251900582963;0.39817016356336;2.87723453922112;1.17203055025487;0.0761586383920803;0.184601976534754;0.875317797707238;1.02417497540741;3.0979233448466;0.621216399564123;1.76246000448534;1.34294481364539;2.0301129151899;0.631698576717346;0.445704318060701;0.0691116303017137;0.353323390176891;0.113092364654411;0.975675925216086;2.14238347687549;1.30424726735051;0.750104629055418;0.479262874276372;1.03829197851104;0.877746102853644;2.76264676954254;0.0318815604463763;0.104227307086114;0.343201431766778;0.0803204397596369;0.841853806080385;1.11996568980833;0.973543646357725;0.486690429364854;0.986160987008063;0.00778719676528327;0.295451468655366;1.13271154522126;0.677497992091071;2.93123257317472;0.221420883974609;0.51452665053817;0.137696519395053;0.745758540502717;1.96735498293979;0.11395644860678;0.289114532862477
1988;0.796410601357413;1.12881488300252;0.374760954780997;2.84729051043868;1.19376287613786;0.0663615749937911;0.180744897653066;0.864619070974081;0.897064528831685;2.79529474129411;0.631103640793636;1.70075528811938;1.18366821450384;2.01646717417656;0.684298895791669;0.470162918359485;0.0652331308344129;0.334936707925762;0.107245986569706;0.821413570859329;2.0050015470244;1.23290093945849;0.779088431238471;0.480358485353838;1.02660738834719;0.794059380227705;2.68774567616353;0.0291218036543554;0.106310265586324;0.344490119998885;0.0783119981060264;0.788477944215967;1.00373515188059;1.0425309548145;0.499128711924304;0.948277299045728;0.00752696830037635;0.281820759401059;1.03808462461371;0.649161825465517;2.92666357676961;0.226667323886113;0.535559968286091;0.12448102285028;0.790354658379893;1.61933611300035;0.110440029676162;0.290268774317254
1989;0.82087923366654;1.26839990591144;0.358623476425239;3.02639323189929;1.09677285408011;0.0710417638907584;0.197198094874291;0.89830130629055;0.935541393191448;2.77317702240298;0.632876959443318;1.72812078485087;1.17403724783108;1.94676358656813;0.672837619883688;0.49139587289183;0.0672703071185024;0.359784720764355;0.111273937978895;0.90364709398472;1.97563234388594;1.17175205529696;0.838516789638284;0.449702351587524;1.05341899616817;0.714934079280556;2.58258385075894;0.029852387192287;0.109379410309793;0.327898743273306;0.0770993988960787;0.804081315632791;0.981443560350517;1.07169398011772;0.544300266574159;0.983856751150982;0.00764220037519403;0.32013950893549;0.906565019479968;0.595463970122766;2.82645645650632;0.205877057678233;0.524017309763568;0.130628233975419;0.781918390751832;1.61224118162037;0.10489027962356;0.267059809682221
1990;0.847691401361262;1.39401575493928;0.327943449835439;3.02867905471923;1.10072208241086;0.0740620266801696;0.201773463815672;0.847818940610679;0.913829434370036;2.99824969364047;0.610151274548248;1.7927499153597;1.2855352248956;2.10932133482098;0.74952763657935;0.505612503689985;0.0664878809373916;0.370605294175323;0.110709296242353;0.992796387786767;2.17158997563454;1.32323365850032;0.849160294341026;0.466371737064705;1.04112570837503;0.767479025801443;2.68821231515208;0.0287434412627616;0.112277664294305;0.323537666949568;0.0763089704059333;0.826276611794132;1.03857312038771;1.07909669455313;0.50663266749331;1.01133388648487;0.00738021560377519;0.301687945529209;1.04477447877252;0.599853668184566;3.01213167573482;0.198011164189773;0.515168056545628;0.137166591836792;0.777228296479596;1.85479752627086;0.119194721578335;0.225539330763642
1991;0.847466872605468;1.43767854264257;0.350541193381705;3.29161117859666;1.07061755057058;0.0722556092724677;0.211018022739094;0.83846465281957;0.961808773618475;2.96009196143126;0.577745806508058;1.91031504918207;1.28532566303711;1.96536908228915;0.744408178308468;0.530367127341332;0.0673894136565976;0.376698967000495;0.109833200026314;1.06117605826585;2.31081592374613;1.35381611268516;0.88792576713922;0.468626456905855;1.04551748047165;0.798438776537237;2.58712919157322;0.0281363365634396;0.116679005555283;0.347076063629909;0.0727247543452492;0.842512144416467;1.08102305336491;1.15028498494758;0.510896303466389;0.961431264338324;0.00726492278497073;0.304252771420733;1.00592567693662;0.579495014905192;3.21201921881085;0.20309978387503;0.480324712538455;0.135003547647602;0.839483732879699;1.87751858056951;0.111255019984486;0.30316843663057
1992;0.825489967267332;1.35553956200032;0.367542640725423;3.32284909516791;1.1145241745676;0.072616866993851;0.208058604673848;0.807698289671005;0.950556103260093;2.94557699636172;0.611805783075984;1.9245426441354;1.30115637383877;2.12196725096618;0.753408252370077;0.531700544966335;0.062784736787875;0.368850786490408;0.101903613105011;1.00447329309521;2.34570921879926;1.37051258086838;0.877321352037466;0.439701602558157;1.14461738410797;0.821555581263371;2.60615672630868;0.0272455751270483;0.116331296918465;0.324401575498347;0.0778130704560741;0.763268163157845;1.04993255497734;1.0490085017844;0.5170060189234;0.904901889396126;0.00680910636221878;0.299391978270606;1.00759988638928;0.604053653076681;3.1095332718897;0.220522486023121;0.526455752430736;0.127061283609981;0.879574537606137;1.70638345658982;0.101399210049509;0.216911208609058
1993;0.774369294863326;1.49317282641997;0.373352501785355;3.59108364151396;1.15017157375927;0.076499882797738;0.207698200678135;0.920951458479486;1.03347101222454;2.91346051230363;0.596866805089093;1.93266871172985;1.39898486460793;2.06965476295845;0.775838612887665;0.55689048024704;0.06507400942612;0.374831209033485;0.105028914491822;1.0946328759019;2.30320466886692;1.42914824296766;0.995305508158573;0.451262506112978;1.19351860285446;0.825252124479941;2.65950085746705;0.0273075373636767;0.116086471713988;0.3301049004477;0.0756715992185155;0.761849319234901;1.1208870383904;1.0455401858532;0.540838787521652;0.952346407964027;0.00694993078860275;0.323442527172567;0.949933058868059;0.639615839595349;3.24722552154747;0.212283467597135;0.555919834722517;0.128001979706953;0.954770182233991;1.6669742866534;0.122954903896805;0.275516985492616
1994;0.886863411720176;1.5361885576064;0.385298322534344;3.60059807985651;1.17574523396261;0.0784284081891116;0.227866717911906;0.893105706609849;1.03450928312685;2.89255102389876;0.714563172699959;1.97808108328467;1.37664624429216;2.10083186597295;0.724546641857794;0.560214581190522;0.066746499677251;0.390815512515864;0.111574887868566;1.14327201126697;2.53029770022851;1.45368461010013;1.00307559926428;0.544359059794152;1.25284408141104;0.879160488212504;2.60586605422662;0.028977558554329;0.123223635437706;0.365598888647104;0.0881224700906873;0.783353813299134;1.12680775175496;1.11531724413736;0.519687674496605;0.990853489677608;0.00754806760079051;0.317016317106686;1.03920832002139;0.581870646216181;3.06436887098017;0.242617225284238;0.527658176225856;0.133562924045337;0.937960198453534;1.74991913684194;0.137416025978583;0.27770189506804
1995;0.972386313901331;1.47865994641672;0.433814253777459;4.0246846634914;1.230894569095;0.0784530252569542;0.230190463076865;0.976714404188964;1.17774925644553;2.80169303991916;0.770208214909274;1.83225483336419;1.32189476970658;2.26432598189537;0.81021033760388;0.54717782528809;0.0693621311339759;0.411399928559654;0.115235783510467;1.12572803476254;2.56892237006724;1.43719721262306;1.00849985200239;0.518957109389032;1.43406909845997;0.895531843797281;2.70171890607931;0.0298833941459592;0.132671993814099;0.371027636746071;0.0871038004140189;0.81260849015079;1.16008215665373;1.14948992321505;0.58393957326535;1.05829648167243;0.00725139014947787;0.375976464199079;1.03997448101551;0.665476176550267;3.66826738788839;0.254163379324019;0.585128254479447;0.133445420537618;1.03661539759554;1.76952020701799;0.150185345234201;0.256320019020219
1996;1,0000;1.45487892678348;0.42073854406942;3.86576719953074;1.24701513568582;0.0707269267015774;0.22442553349304;0.954207542468617;1.23479638939751;2.6356929295813;0.773673539060292;1.84560823752983;1.22419758873348;2.19937496582602;0.757039707868597;0.552715651156333;0.0654881483470385;0.380726574040247;0.107645943386249;1.03642511940936;2.44107464042386;1.4270475712299;1.04933705825855;0.528409614206041;1.46226174068049;0.884070476217653;2.5530152008199;0.0274893183436353;0.120246447623966;0.390737565670884;0.0881902337077836;0.716533037776967;1.04076341362352;1.04177222402934;0.557837499244933;0.982942734879708;0.00678971552649399;0.39210039776626;0.970506999784083;0.641680416899659;3.12441048982681;0.263406002379061;0.592234013191532;0.118523890034289;0.953148143472933;1.61207715131958;0.147523207508081;0.28570429094802
1997;1.02034343744768;1.29022127095142;0.439403260133515;4.26322818301109;1.22081234357491;0.0812267365268361;0.251573463329679;0.977677695741026;1.22821947543553;2.85244812249055;0.758144377044333;1.90013843853962;1.28981094677044;2.30701102693109;0.802288162427846;0.541849084797075;0.0712298985124559;0.428832987264461;0.115215270980304;1.09721101808044;2.78291512677161;1.51011778986159;1.1041740913749;0.574967969078676;1.66845978983991;0.909033457592784;2.72357735590867;0.0315553304928854;0.131574761070552;0.420483017501025;0.0934097629126804;0.829644922470138;1.04453822472416;1.20349663746684;0.612585197582968;1.07609704938893;0.00665252092238619;0.410478924067167;1.0468014087432;0.667182344854019;3.45511334556821;0.259158831711104;0.667694005177765;0.1352950406777;1.01582709166781;1.80296815534914;0.170127296044367;0.294985018375982
1998;1.04971308204114;1.40720726130481;0.484338643388929;4.42285763874926;1.23457971618112;0.0798204400506147;0.274683972201237;1.00586919649637;1.31560675894945;3.08813010670413;0.87682625029369;1.97072792128119;1.38672097568434;2.47067800723488;0.989195485679453;0.586153768525308;0.0708090040082969;0.436316629012085;0.120508117851524;1.08581024698719;2.85020955684526;1.58966224946736;1.16213820299111;0.607854439207742;1.77496920389423;0.978580059480768;2.99261680134074;0.0305724506355843;0.132526947827341;0.429253610078981;0.0978330040391352;0.877397113903824;1.19401982895855;1.16649278311584;0.607047514523269;1.11516968100719;0.00721619374336507;0.421516746352552;1.24013743187747;0.748302685763366;3.3982228369533;0.281757058807839;0.702951788452423;0.14162262284369;1.03073198563437;1.82982670651273;0.181982304348221;0.292070888514093
1999;1.06064512895682;1.4957235828032;0.475402745355148;4.7520100362113;1.26552202218685;0.0769080764259909;0.272734770400975;0.970281522783018;1.31951232159703;3.24341830001424;0.847602252437393;1.99984092086409;1.40078479433444;2.61633453754791;0.904160732964894;0.588052050684936;0.0637922031967101;0.431722073027984;0.118441304866707;1.1149052985486;2.81730140887279;1.58513203212131;1.20599190027865;0.58647233279149;1.76458032553292;0.94666939542678;3.13702269416399;0.0295982145455241;0.128789831879295;0.42301854920359;0.0935327324145878;0.858636387419876;1.1869682300935;1.21726105736829;0.614534804630726;1.05892545841331;0.00676448586205923;0.395007296377285;1.28869659873986;0.742496162326001;3.4960127448682;0.274912702999427;0.693586960787491;0.14167601790648;1.00294430977287;1.87997069618777;0.16582511587506;0.286858229010461
2000;0.990246648149313;1.35361907918723;0.498454903367991;4.60740334371754;1.3234887389051;0.0753362073856466;0.270660489707124;0.940897833579127;1.19711888581618;3.27199800402993;0.795304801762288;1.97159997677146;1.38537381908068;2.5709597180954;0.924926977023874;0.551843725959157;0.0641876079585404;0.400281390091696;0.106985718978692;1.14610784574711;2.95350420533128;1.5747711633037;1.08582631157458;0.579350046882661;1.72181226120773;1.01815895130933;2.96936455716242;0.0285983302171656;0.128228213370073;0.454978892594281;0.100750599256408;0.809318636135293;1.15659408196615;1.15094441217998;0.633899025950531;1.05567677411457;0.00671779555004429;0.389208676604023;1.29786615675827;0.742375939136952;3.45235546243523;0.285111105086557;0.654602873570674;0.13095011686274;1.00082083481127;1.93052391225796;0.152469804442641;0.292027099425834
2001;0.999727661544681;1.3420461686983;0.47616969315604;4.53919843860569;1.11837826415358;0.0752107669907314;0.2675977740931;0.856059195915811;1.17161120792113;3.14161918788577;0.753851997691886;2.02426891163023;1.39552040402905;2.43031135276132;0.868106602655815;0.563858083885264;0.0631464713536997;0.401032930693501;0.105593724340317;1.15797631407822;2.92667018912828;1.56804605467279;1.16869945793453;0.510614489779696;1.63357021514007;1.04184223200377;2.89724130285965;0.0288688836031151;0.133230816838459;0.405480272714083;0.0918502307579099;0.849653871397237;1.18909798516351;1.04675745445076;0.638654273840145;1.11390521067625;0.00685121727922146;0.382223894740056;1.27669713967448;0.726727104506367;3.35283043994709;0.254477839975348;0.631938344862711;0.130764404902545;0.96077643156996;1.92319960091326;0.151305345117073;0.255798200564874
2002;0.968005262050788;1.31269824514502;0.537616115302297;4.75068817772963;1.21694663491478;0.0900534958273031;0.211170922268305;0.864443862291612;1.14854277007232;3.13247806349072;0.939598459971075;1.95650154882589;1.25827780318498;2.42076330403408;1.02987671105261;0.561206343605496;0.071430957790592;0.35450657788781;0.121272391516673;1.06507180587702;2.69537261151764;1.52811904830043;1.13981245023184;0.561340230899755;1.79323634764244;1.01649746309987;2.86972287018657;0.0316128658950037;0.162576783292427;0.411398592373295;0.0977824212334006;0.929743793906787;1.08111364755661;0.967032509635061;0.614169307766874;1.06713807670061;0.00836071186096418;0.411587503049935;1.18845626524912;0.812043314714218;2.99836059806444;0.282969510068756;0.666129784400886;0.142783063100096;0.978071422328214;1.72351234619855;0.152127230110967;0.249885641774405
2003;0.946125750861773;1.31809091620799;0.545570451474237;4.27159348533907;1.25882317090226;0.0843918095488551;0.190279302235989;0.972359636791955;1.19307184035407;3.4104966830581;0.907051197760443;2.0449768051298;1.28104319643063;2.63278242132908;1.05399558974589;0.574101668130478;0.061173732067012;0.323546202948067;0.111304280368655;1.09115477461723;2.7118117104411;1.51726682957661;1.26386337205812;0.52787664411891;1.97384756885765;0.984468698415428;3.01863167040524;0.0288432733643107;0.145087274034417;0.438011732503691;0.0982270182914805;0.815979083507876;1.21143228347207;1.17242028833459;0.585004102029919;0.974900307003594;0.00765303362450792;0.421348432536627;1.22230899268541;0.786807267466541;3.63897801867904;0.297693266547957;0.647406778096665;0.126546478752626;0.84075388090225;1.58259244759035;0.147644288277001;0.285890950088576
2004;0.983578274586881;1.34590887027156;0.451189416242183;4.26397403826521;1.18278271290197;0.0697762072520926;0.224932962599207;0.911780617584869;1.22523104584481;3.34812356344908;0.77559544805054;1.91318674101975;1.29060363859889;2.50540453813888;1.09587162326679;0.554471945560306;0.0567061980501575;0.350031801663203;0.0975915837797716;1.08998863365914;2.68944079219357;1.47350265289589;1.18084963057424;0.441852490056055;2.03423371411654;1.03837246187826;3.02037948596623;0.0263406041716088;0.123227461782863;0.433731128075316;0.0847189482320495;0.7633522865678;1.27560575474409;1.27815672290987;0.473145793745735;1.00233487883484;0.00649403795201587;0.451428310100587;1.32334464119848;0.842288931691726;3.59980503758376;0.259382325082031;0.746768917428478;0.116082699656254;0.874707889172419;1.78787573229289;0.153395128062452;0.274824393428612
